computer_id,maintenance_date,actions_taken
25,2021-07-03,Adult risk my administration reach.
13,2022-07-02,Start design individual try smile.
18,2018-02-26,Man production bar want threat you region.
13,2020-12-27,Indicate budget begin more less public.
4,2018-07-01,Turn thus pattern once.
19,2018-09-24,Approach development statement arrive.
3,2021-10-11,Note rock matter over finally expert.
17,2020-06-24,Child skill fast far effect rate least.
8,2019-07-03,Project Congress responsibility control theory.
13,2020-10-30,Lay student hair instead.
25,2019-11-24,Perform less commercial PM whole hit far through.
19,2021-05-21,During north late lawyer understand free election.
7,2019-01-27,Study stand name quite PM arrive thank.
28,2018-08-26,Security their happy control reveal.
29,2019-01-30,Teach Congress wind.
15,2019-11-09,Wonder after security especially along ok.
14,2020-04-24,Guy physical always type.
2,2018-09-29,Customer sea some wide night wife.
26,2018-04-27,Think note finish sport financial firm without.
6,2021-02-03,Hospital why experience strategy eye expert.
5,2021-05-27,Lay story soldier wrong.
14,2019-03-13,Like body represent increase through career government.
24,2019-05-08,Student body need project.
13,2022-02-06,Finish sense lose brother born where.
28,2021-07-24,Kind collection follow value.
10,2021-11-11,Little finish opportunity sell.
29,2022-06-21,More billion against send assume everything eat.
30,2020-03-31,Expect civil floor song herself hit listen.
28,2020-04-07,Near officer test evidence myself close.
12,2020-12-18,Book event trade be.
